[
    {
        "name": "Sales Invoice-naming_series-options",
        "idx": 0,
        "is_system_generated": 0,
        "doctype_or_field": "DocField",
        "doc_type": "Sales Invoice",
        "field_name": "naming_series",
        "row_name": null,
        "module": null,
        "property": "options",
        "property_type": "Text",
        "value": "ACC-SINV-.YYYY.-\nACC-SINV-RET-.YYYY.-",
        "default_value": null,
        "_user_tags": null,
        "_comments": null,
        "_assign": null,
        "_liked_by": null,
        "doctype": "Property Setter"
    },
    {
        "name": "Sales Invoice-in_words-print_hide",
        "idx": 0,
        "is_system_generated": 0,
        "doctype_or_field": "DocField",
        "doc_type": "Sales Invoice",
        "field_name": "in_words",
        "row_name": null,
        "module": null,
        "property": "print_hide",
        "property_type": "Check",
        "value": "0",
        "default_value": null,
        "_user_tags": null,
        "_comments": null,
        "_assign": null,
        "_liked_by": null,
        "doctype": "Property Setter"
    },
    {
        "name": "Sales Invoice-in_words-hidden",
        "idx": 0,
        "is_system_generated": 0,
        "doctype_or_field": "DocField",
        "doc_type": "Sales Invoice",
        "field_name": "in_words",
        "row_name": null,
        "module": null,
        "property": "hidden",
        "property_type": "Check",
        "value": "0",
        "default_value": null,
        "_user_tags": null,
        "_comments": null,
        "_assign": null,
        "_liked_by": null,
        "doctype": "Property Setter"
    },
    {
        "name": "Sales Invoice-disable_rounded_total-default",
        "idx": 0,
        "is_system_generated": 0,
        "doctype_or_field": "DocField",
        "doc_type": "Sales Invoice",
        "field_name": "disable_rounded_total",
        "row_name": null,
        "module": null,
        "property": "default",
        "property_type": "Text",
        "value": "0",
        "default_value": null,
        "_user_tags": null,
        "_comments": null,
        "_assign": null,
        "_liked_by": null,
        "doctype": "Property Setter"
    },
    {
        "name": "Sales Invoice-rounded_total-print_hide",
        "idx": 0,
        "is_system_generated": 0,
        "doctype_or_field": "DocField",
        "doc_type": "Sales Invoice",
        "field_name": "rounded_total",
        "row_name": null,
        "module": null,
        "property": "print_hide",
        "property_type": "Check",
        "value": "0",
        "default_value": null,
        "_user_tags": null,
        "_comments": null,
        "_assign": null,
        "_liked_by": null,
        "doctype": "Property Setter"
    },
    {
        "name": "Sales Invoice-rounded_total-hidden",
        "idx": 0,
        "is_system_generated": 0,
        "doctype_or_field": "DocField",
        "doc_type": "Sales Invoice",
        "field_name": "rounded_total",
        "row_name": null,
        "module": null,
        "property": "hidden",
        "property_type": "Check",
        "value": "0",
        "default_value": null,
        "_user_tags": null,
        "_comments": null,
        "_assign": null,
        "_liked_by": null,
        "doctype": "Property Setter"
    },
    {
        "name": "Sales Invoice-base_rounded_total-print_hide",
        "idx": 0,
        "is_system_generated": 0,
        "doctype_or_field": "DocField",
        "doc_type": "Sales Invoice",
        "field_name": "base_rounded_total",
        "row_name": null,
        "module": null,
        "property": "print_hide",
        "property_type": "Check",
        "value": "1",
        "default_value": null,
        "_user_tags": null,
        "_comments": null,
        "_assign": null,
        "_liked_by": null,
        "doctype": "Property Setter"
    },
    {
        "name": "Sales Invoice-base_rounded_total-hidden",
        "idx": 0,
        "is_system_generated": 0,
        "doctype_or_field": "DocField",
        "doc_type": "Sales Invoice",
        "field_name": "base_rounded_total",
        "row_name": null,
        "module": null,
        "property": "hidden",
        "property_type": "Check",
        "value": "0",
        "default_value": null,
        "_user_tags": null,
        "_comments": null,
        "_assign": null,
        "_liked_by": null,
        "doctype": "Property Setter"
    },
    {
        "name": "Sales Invoice-payment_schedule-print_hide",
        "idx": 0,
        "is_system_generated": 0,
        "doctype_or_field": "DocField",
        "doc_type": "Sales Invoice",
        "field_name": "payment_schedule",
        "row_name": null,
        "module": null,
        "property": "print_hide",
        "property_type": "Check",
        "value": "1",
        "default_value": null,
        "_user_tags": null,
        "_comments": null,
        "_assign": null,
        "_liked_by": null,
        "doctype": "Property Setter"
    },
    {
        "name": "Sales Invoice-due_date-print_hide",
        "idx": 0,
        "is_system_generated": 0,
        "doctype_or_field": "DocField",
        "doc_type": "Sales Invoice",
        "field_name": "due_date",
        "row_name": null,
        "module": null,
        "property": "print_hide",
        "property_type": "Check",
        "value": "0",
        "default_value": null,
        "_user_tags": null,
        "_comments": null,
        "_assign": null,
        "_liked_by": null,
        "doctype": "Property Setter"
    },
    {
        "name": "Sales Invoice-scan_barcode-hidden",
        "idx": 0,
        "is_system_generated": 1,
        "doctype_or_field": "DocField",
        "doc_type": "Sales Invoice",
        "field_name": "scan_barcode",
        "row_name": null,
        "module": null,
        "property": "hidden",
        "property_type": "Check",
        "value": "0",
        "default_value": null,
        "_user_tags": null,
        "_comments": null,
        "_assign": null,
        "_liked_by": null,
        "doctype": "Property Setter"
    },
    {
        "name": "Sales Invoice-additional_discount_account-mandatory_depends_on",
        "idx": 0,
        "is_system_generated": 0,
        "doctype_or_field": "DocField",
        "doc_type": "Sales Invoice",
        "field_name": "additional_discount_account",
        "row_name": null,
        "module": null,
        "property": "mandatory_depends_on",
        "property_type": "Code",
        "value": "",
        "default_value": null,
        "_user_tags": null,
        "_comments": null,
        "_assign": null,
        "_liked_by": null,
        "doctype": "Property Setter"
    },
    {
        "name": "Sales Invoice-additional_discount_account-hidden",
        "idx": 0,
        "is_system_generated": 0,
        "doctype_or_field": "DocField",
        "doc_type": "Sales Invoice",
        "field_name": "additional_discount_account",
        "row_name": null,
        "module": null,
        "property": "hidden",
        "property_type": "Check",
        "value": "1",
        "default_value": null,
        "_user_tags": null,
        "_comments": null,
        "_assign": null,
        "_liked_by": null,
        "doctype": "Property Setter"
    },
    {
        "name": "Sales Invoice-tax_id-print_hide",
        "idx": 0,
        "is_system_generated": 0,
        "doctype_or_field": "DocField",
        "doc_type": "Sales Invoice",
        "field_name": "tax_id",
        "row_name": null,
        "module": null,
        "property": "print_hide",
        "property_type": "Check",
        "value": "0",
        "default_value": null,
        "_user_tags": null,
        "_comments": null,
        "_assign": null,
        "_liked_by": null,
        "doctype": "Property Setter"
    },
    {
        "name": "Sales Invoice-tax_id-hidden",
        "idx": 0,
        "is_system_generated": 0,
        "doctype_or_field": "DocField",
        "doc_type": "Sales Invoice",
        "field_name": "tax_id",
        "row_name": null,
        "module": null,
        "property": "hidden",
        "property_type": "Check",
        "value": "0",
        "default_value": null,
        "_user_tags": null,
        "_comments": null,
        "_assign": null,
        "_liked_by": null,
        "doctype": "Property Setter"
    }
]