[
    {
        "name": "Employee-main-states_order",
        "idx": 0,
        "is_system_generated": 0,
        "doctype_or_field": "DocType",
        "doc_type": "Employee",
        "field_name": null,
        "row_name": null,
        "module": null,
        "property": "states_order",
        "property_type": "Small Text",
        "value": "[\"7dkum4114c\", \"spphmldcpk\", \"alognmj56v\", \"7ijjfng81c\"]",
        "default_value": null,
        "_user_tags": null,
        "_comments": null,
        "_assign": null,
        "_liked_by": null,
        "doctype": "Property Setter"
    },
    {
        "name": "Employee-main-field_order",
        "idx": 0,
        "is_system_generated": 0,
        "doctype_or_field": "DocType",
        "doc_type": "Employee",
        "field_name": null,
        "row_name": null,
        "module": null,
        "property": "field_order",
        "property_type": "Data",
        "value": "[\"workflow_state\", \"basic_details_tab\", \"basic_information\", \"naming_series\", \"first_name\", \"middle_name\", \"last_name\", \"employee_name\", \"column_break_9\", \"gender\", \"date_of_birth\", \"salutation\", \"column_break1\", \"date_of_joining\", \"custom_ersteintritt_ins_unternehmen_\", \"image\", \"status\", \"employee_number\", \"erpnext_user\", \"user_id\", \"create_user\", \"create_user_permission\", \"company_details_section\", \"company\", \"department\", \"reports_to\", \"column_break_25\", \"designation\", \"employment_type\", \"column_break_18\", \"branch\", \"grade\", \"custom_section_break_s1jdr\", \"custom_summe_gehalt\", \"custom_summe_gehalt_bei_offener_vertragsverhandlung\", \"custom_column_break_wmzfe\", \"custom_summe_wochenarbeitszeit\", \"custom_summe_wochenarbeitszeit__bei_offener_vertragsverhandlung\", \"custom_grundvertrag_\\u00fcbersicht\", \"custom_grundvertrag_in_verhandlung\", \"custom_wochenstunden_grundvertrag\", \"custom_wochenstunden_grundvertrag_in_verhandlung\", \"custom_gehalt_des_grundvertrags\", \"custom_gehalt_des_grundvertrags_in_verhandlung\", \"custom_grundlage_der_verg\\u00fctung\", \"custom_grundlage_der_verg\\u00fctung_tarifdetails_in_verhandlung\", \"custom_column_break_p0bfc\", \"custom_unterzeichnungsdatum\", \"custom_unterzeichnungsdatum_in_verhandlung\", \"custom_start_des_grundvertrags\", \"custom_start_des_grundvertrags_in_verhandlung\", \"custom_ende_des_arbeitsverh\\u00e4ltnis\", \"custom_ende_des_arbeitsverh\\u00e4ltnis_in_verhandlung\", \"custom_arbeitsverh\\u00e4ltnis\", \"custom_unbefristet__in_verhandlung\", \"custom_jahressonderzahlung_grundvertrag\", \"custom_jahressonderzahlung_grundvertrag_in__in_verhandlung\", \"custom_jahresssonderzahlung_grundvertrag_in_\", \"custom_jahresssonderzahlung_grundvertrag_in__in_verhandlung\", \"custom_arbeit_in_projekt_1\", \"custom_column_break_n4ywp\", \"custom_projekt_1\", \"custom_name_projekt_1\", \"custom_projekt_1_in_verhandlung\", \"custom_projekt_1_iv\", \"custom_name_projekt_1_iv\", \"custom_t\\u00e4tigkeitsbezeichnung\", \"custom_t\\u00e4tigkeitsbezeichnung_1_iv\", \"custom_wochenstunden_projekt_1\", \"custom_wochenstunden_projekt_1_iv\", \"custom_wochenstunden_zum_grundvertrag_hinzurechnen\", \"custom_wochenstunden_zum_grundvertrag_hinzurechnen_iv\", \"custom_column_break_2gxdp\", \"custom_unterzeichnungsdatum_projekt_1\", \"custom_unterzeichnungsdatum_projekt_1_iv\", \"custom_start_der_1_arbeit\", \"custom_start_der_1_arbeit_iv\", \"custom_befristung_des_1_vertrags\", \"custom_befristung_des_1_vertrags_iv\", \"custom_gehalt_projekt_1\", \"custom_gehalt_projekt_1_iv\", \"custom_grundlage_der_verg\\u00fctung_tarifdetails_pr_1\", \"custom_grundlage_der_verg\\u00fctung_tarifdetails_pr_1_iv\", \"custom_ist_zus\\u00e4tzliche_verg\\u00fctung_zum_grundgehalt\", \"custom_ist_zus\\u00e4tzliche_verg\\u00fctung_zum_grundgehalt_iv\", \"custom_jahressonderzahlung\", \"custom_jahressonderzahlung_projekt_1_in_pr_iv\", \"custom_jahressonderzahlung_projekt_1_in_\", \"custom_jahressonderzahlung_projekt_1_in_e_iv\", \"custom_arbeit_in_projekt_2\", \"custom_projekt_2\", \"custom_name_projekt_2\", \"custom_projekt_2_in_verhandlung\", \"custom_projekt_2_iv\", \"custom_name_projekt_2_iv\", \"custom_t\\u00e4tigkeitsbezeichnung_2\", \"custom_t\\u00e4tigkeitsbezeichnung_2_iv\", \"custom_wochenstunden_projekt_2\", \"custom_wochenstunden_projekt_2_iv\", \"custom_wochenstunden_zum_grundvertrag_hinzurechnen_1\", \"custom_wochenstunden_zum_grundvertrag_hinzurechnen_1_iv\", \"custom_column_break_cmrg9\", \"custom_unterzeichnungsdatum_projekt_2\", \"custom_unterzeichnungsdatum_projekt_2_iv\", \"custom_start_der_2_arbeit\", \"custom_start_der_2_arbeit_iv\", \"custom_befristung_des_2_vertrags\", \"custom_befristung_des_2_vertrags_iv\", \"custom_gehalt_projekt_2\", \"custom_gehalt_projekt_2_iv\", \"custom_ist_zus\\u00e4tzliche_verg\\u00fctung_zum_grundgehalt_1\", \"custom_ist_zus\\u00e4tzliche_verg\\u00fctung_zum_grundgehalt_1_iv\", \"custom_grundlage_der_verg\\u00fctung_tarifdetails_pr_2\", \"custom_grundlage_der_verg\\u00fctung_tarifdetails_pr_2_iv\", \"custom_jahressonderzahlung_projekt_2\", \"custom_jahressonderzahlung_projekt_2_in_p_iv\", \"custom_jahressonderzahlung_projekt_2_in_\", \"custom_jahressonderzahlung_projekt_2_in_e_iv_\", \"custom_arbeit_in_projekt_3\", \"custom_projekt_3\", \"custom_name_projekt_3\", \"custom_projekt_3_in_verhandlung\", \"custom_projekt_3_iv\", \"custom_name_projekt_3_iv\", \"custom_t\\u00e4tigkeitsbezeichnung_3\", \"custom_t\\u00e4tigkeitsbezeichnung_3_iv\", \"custom_wochenstunden_projekt_3\", \"custom_wochenstunden_projekt_3_iv\", \"custom_wochenstunden_zum_grundvertrag_hinzurechnen_2\", \"custom_wochenstunden_zum_grundvertrag_hinzurechnen_3_iv\", \"custom_column_break_asbk8\", \"custom_unterzeichnungsdatum_projekt_3\", \"custom_unterzeichnungsdatum_projekt_3_iv\", \"custom_start_der_3_arbeit\", \"custom_start_der_3_arbeit_iv\", \"custom_befristung_des_3_vertrags\", \"custom_befristung_des_3_vertrags_iv\", \"custom_gehalt_projekt_3\", \"custom_gehalt_projekt_3_iv\", \"custom_ist_zus\\u00e4tzliche_verg\\u00fctung_zum_grundgehalt_2\", \"custom_ist_zus\\u00e4tzliche_verg\\u00fctung_zum_grundgehalt_2_iv\", \"custom_grundlage_der_verg\\u00fctung_tarifdetails_pr_3\", \"custom_grundlage_der_verg\\u00fctung_tarifdetails_pr_3_iv\", \"custom_jahressonderzahlung_projekt_3\", \"custom_jahressonderzahlung_projekt_3_in_p_iv\", \"custom_jahressonderzahlung_projekt_3_in_\", \"custom_jahressonderzahlung_projekt_3_in_e_iv\", \"custom_arbeit_in_projekt_4\", \"custom_column_break_y7hsl\", \"custom_projekt_4\", \"custom_name_projekt_4\", \"custom_projekt_4_in_verhandlung\", \"custom_t\\u00e4tigkeitsbezeichnung_4\", \"custom_wochenstunden_projekt_4\", \"custom_wochenstunden_zum_grundvertrag_hinzurechnen_4\", \"custom_column_break_niq9u\", \"custom_unterzeichnungsdatum_projekt_4\", \"custom_start_der_4_arbeit\", \"custom_befristung_des_4_vertrags\", \"custom_gehalt_projekt_4\", \"custom_ist_zus\\u00e4tzliche_verg\\u00fctung_zum_grundgehalt_3\", \"custom_grundlage_der_verg\\u00fctung_tarifdetails_pr_4\", \"custom_jahressonderzahlung_projekt_4\", \"custom_jahressonderzahlung_projekt_4_in_\", \"custom_zulagen\", \"custom_column_break_jziv8\", \"custom_projekt_zulage_1\", \"custom_zulage_1_in_verhandlung\", \"custom_projekt_zulage_1_iv\", \"custom_column_break_octd0\", \"custom_kostenstelle_zulage_1\", \"custom_kostenstelle_zulage_1_iv\", \"custom_anfangsdatum_zulage_1\", \"custom_anfangsdatum_zulage_1_iv\", \"custom_enddatum_zulage_1\", \"custom_enddatum_zulage_1_iv\", \"custom_column_break_xszle\", \"custom_zulage_zulage_1\", \"custom_zulage_zulage_1_iv\", \"custom_positionsbezeichnung_zulage_1\", \"custom_positionsbezeichnung_zulage_1_iv\", \"custom_wochenstunden_zulage_1\", \"custom_wochenstunden_zulage_1_iv\", \"custom_section_break_dpeo0\", \"custom_column_break_qouyo\", \"custom_projekt_zulage_2\", \"custom_zulage_2_in_verhandlung\", \"custom_projekt_zulage_2_iv\", \"custom_column_break_beolv\", \"custom_kostenstelle_zulage_2\", \"custom_kostenstelle_zulage_2_iv\", \"custom_anfangsdatum_zulage_2\", \"custom_anfangsdatum_zulage_2_iv\", \"custom_enddatum_zulage_2\", \"custom_enddatum_zulage_2_iv\", \"custom_column_break_zmluq\", \"custom_zulage_zulage_2\", \"custom_zulage_zulage_2_iv\", \"custom_positionsbezeichnung_zulage_2\", \"custom_positionsbezeichnung_zulage_2_iv\", \"custom_wochenstunden_zulage_2\", \"custom_wochenstunden_zulage_2_iv\", \"contact_details\", \"employee\", \"cell_number\", \"custom_festnetz\", \"column_break_40\", \"personal_email\", \"company_email\", \"column_break4\", \"prefered_contact_email\", \"prefered_email\", \"unsubscribed\", \"address_section\", \"custom_stra\\u00dfe\", \"custom_hausnummer\", \"custom_plz\", \"custom_ort\", \"custom_land\", \"current_address\", \"permanent_address\", \"custom_anschriftenzusatz\", \"column_break_46\", \"permanent_accommodation_type\", \"current_accommodation_type\", \"emergency_contact_details\", \"person_to_be_contacted\", \"column_break_55\", \"emergency_phone_number\", \"custom_jahressonderzahlung_projekt_1_copy\", \"column_break_19\", \"relation\", \"attendance_and_leave_details\", \"attendance_device_id\", \"column_break_44\", \"holiday_list\", \"default_shift\", \"approvers_section\", \"expense_approver\", \"leave_approver\", \"column_break_45\", \"shift_request_approver\", \"salary_information\", \"custom_lohndaten\", \"ctc\", \"salary_currency\", \"salary_mode\", \"custom_bereich\", \"custom_summe_gehalt_2\", \"custom_n\\u00e4chstes_vertragsende\", \"salary_cb\", \"payroll_cost_center\", \"custom_sv_nummer\", \"custom_steueridentnummer\", \"custom_projekt\", \"custom_summe_wochenarbeitszeit_2\", \"health_insurance_section\", \"health_insurance_provider\", \"health_insurance_no\", \"bank_details_section\", \"bank_name\", \"column_break_heye\", \"bank_ac_no\", \"iban\", \"personal_details\", \"custom_arbeitsrechtliche_besonderheiten\", \"custom_grad_der_behinderung\", \"custom_gdb_bescheid_unbefristet\", \"custom_befristung_gdb_bescheid\", \"custom_schwerbehinderung\", \"custom_column_break_dx6ai\", \"custom_gleichstellung_2\", \"custom_akteneinsicht\", \"custom_einverst\\u00e4ndniserkl\\u00e4rung_akteneinsicht_notwendig\", \"custom_column_break_9nplg\", \"custom_einverst\\u00e4ndniserkl\\u00e4rung_akteneinsicht_vorhanden\", \"custom_section_break_diy32\", \"marital_status\", \"family_background\", \"column_break6\", \"blood_group\", \"health_details\", \"custom_aufenthaltstitel\", \"custom_aufenthaltstitel_n\\u00f6tig\", \"custom_aufenthaltstitel_vorhanden\", \"custom_column_break_ogh4e\", \"custom_art_des_aufenthaltstitels\", \"custom_befristung_aufenthaltserlaubnis\", \"custom_arbeitserlaubnis\", \"custom_arbeitserlaubnis_n\\u00f6tig\", \"custom_arbeitserlaubnis_vorhanden\", \"custom_column_break_yh9gm\", \"custom_befristung_arbeitserlaubnis\", \"passport_details_section\", \"passport_number\", \"valid_upto\", \"column_break_73\", \"date_of_issue\", \"place_of_issue\", \"profile_tab\", \"custom_f\\u00fchrungszeugnis\", \"custom_f\\u00fchrungszeugnis_n\\u00f6tig\", \"custom_f\\u00fchrungszeugnis_vorhanden\", \"custom_column_break_epgj8\", \"custom_datum_des_f\\u00fchrungszeugnisses\", \"custom_in_welchem_aktualisierungsturnus\", \"custom_neues_f\\u00fchrungszeugnis_notwendig_am\", \"custom_gesundheitsnachweise\", \"custom_masernnachweis_n\\u00f6tig\", \"custom_masernnachweis_vorhanden\", \"custom_column_break_kmpdz\", \"custom_gesundheitspass_n\\u00f6tig\", \"custom_gesunheitspass_vorhanden\", \"custom_datum_des_gesundheitspasses\", \"custom_column_break_xqkdq\", \"custom_ersthelfernachweis_ben\\u00f6tigt\", \"custom_erste_hilfe_kurs\", \"custom_datum_des_erstehilfekurses\", \"custom_weitere_nachweise\", \"custom_brandschutzhelfernachweis_ben\\u00f6tigt\", \"custom_brandschutzhelferkurs\", \"custom_datum_des_brandschutzhelferkurses\", \"custom_column_break_dcexh\", \"custom_reza\", \"educational_qualification\", \"custom_h\\u00f6chster_schulabschluss\", \"education\", \"previous_work_experience\", \"external_work_history\", \"history_in_company\", \"internal_work_history\", \"custom_section_break_wv5n7\", \"bio\", \"employment_details\", \"job_applicant\", \"scheduled_confirmation_date\", \"contract_end_date\", \"custom_befristung_weiterer_vertrag\", \"column_break_32\", \"final_confirmation_date\", \"col_break_22\", \"notice_number_of_days\", \"date_of_retirement\", \"exit\", \"resignation_letter_date\", \"relieving_date\", \"exit_interview_details\", \"held_on\", \"custom_k\\u00fcndigung_erfolgt_durch\", \"column_break_99\", \"new_workplace\", \"leave_encashed\", \"encashment_date\", \"feedback_section\", \"reason_for_leaving\", \"column_break_104\", \"feedback\", \"lft\", \"rgt\", \"old_parent\", \"connections_tab\", \"auto_repeat\", \"custom_tab_10\"]",
        "default_value": null,
        "_user_tags": null,
        "_comments": null,
        "_assign": null,
        "_liked_by": null,
        "doctype": "Property Setter"
    },
    {
        "name": "Employee-permanent_address-hidden",
        "idx": 0,
        "is_system_generated": 0,
        "doctype_or_field": "DocField",
        "doc_type": "Employee",
        "field_name": "permanent_address",
        "row_name": null,
        "module": null,
        "property": "hidden",
        "property_type": "Check",
        "value": "1",
        "default_value": null,
        "_user_tags": null,
        "_comments": null,
        "_assign": null,
        "_liked_by": null,
        "doctype": "Property Setter"
    },
    {
        "name": "Employee-current_address-hidden",
        "idx": 0,
        "is_system_generated": 0,
        "doctype_or_field": "DocField",
        "doc_type": "Employee",
        "field_name": "current_address",
        "row_name": null,
        "module": null,
        "property": "hidden",
        "property_type": "Check",
        "value": "1",
        "default_value": null,
        "_user_tags": null,
        "_comments": null,
        "_assign": null,
        "_liked_by": null,
        "doctype": "Property Setter"
    },
    {
        "name": "Employee-current_accommodation_type-hidden",
        "idx": 0,
        "is_system_generated": 0,
        "doctype_or_field": "DocField",
        "doc_type": "Employee",
        "field_name": "current_accommodation_type",
        "row_name": null,
        "module": null,
        "property": "hidden",
        "property_type": "Check",
        "value": "1",
        "default_value": null,
        "_user_tags": null,
        "_comments": null,
        "_assign": null,
        "_liked_by": null,
        "doctype": "Property Setter"
    },
    {
        "name": "Employee-current_accommodation_type-label",
        "idx": 0,
        "is_system_generated": 0,
        "doctype_or_field": "DocField",
        "doc_type": "Employee",
        "field_name": "current_accommodation_type",
        "row_name": null,
        "module": null,
        "property": "label",
        "property_type": "Data",
        "value": "Auswahlfeld",
        "default_value": null,
        "_user_tags": null,
        "_comments": null,
        "_assign": null,
        "_liked_by": null,
        "doctype": "Property Setter"
    },
    {
        "name": "Employee-permanent_address-label",
        "idx": 0,
        "is_system_generated": 0,
        "doctype_or_field": "DocField",
        "doc_type": "Employee",
        "field_name": "permanent_address",
        "row_name": null,
        "module": null,
        "property": "label",
        "property_type": "Data",
        "value": "PLZ & Ort",
        "default_value": null,
        "_user_tags": null,
        "_comments": null,
        "_assign": null,
        "_liked_by": null,
        "doctype": "Property Setter"
    },
    {
        "name": "Employee-held_on-mandatory_depends_on",
        "idx": 0,
        "is_system_generated": 0,
        "doctype_or_field": "DocField",
        "doc_type": "Employee",
        "field_name": "held_on",
        "row_name": null,
        "module": null,
        "property": "mandatory_depends_on",
        "property_type": "Data",
        "value": "eval:doc.resignation_letter_date!=null",
        "default_value": null,
        "_user_tags": null,
        "_comments": null,
        "_assign": null,
        "_liked_by": null,
        "doctype": "Property Setter"
    },
    {
        "name": "Employee-held_on-read_only_depends_on",
        "idx": 0,
        "is_system_generated": 0,
        "doctype_or_field": "DocField",
        "doc_type": "Employee",
        "field_name": "held_on",
        "row_name": null,
        "module": null,
        "property": "read_only_depends_on",
        "property_type": "Data",
        "value": "eval:doc.resignation_letter_date==null",
        "default_value": null,
        "_user_tags": null,
        "_comments": null,
        "_assign": null,
        "_liked_by": null,
        "doctype": "Property Setter"
    },
    {
        "name": "Employee-held_on-depends_on",
        "idx": 0,
        "is_system_generated": 0,
        "doctype_or_field": "DocField",
        "doc_type": "Employee",
        "field_name": "held_on",
        "row_name": null,
        "module": null,
        "property": "depends_on",
        "property_type": "Data",
        "value": "",
        "default_value": null,
        "_user_tags": null,
        "_comments": null,
        "_assign": null,
        "_liked_by": null,
        "doctype": "Property Setter"
    },
    {
        "name": "Employee-naming_series-options",
        "idx": 0,
        "is_system_generated": 0,
        "doctype_or_field": "DocField",
        "doc_type": "Employee",
        "field_name": "naming_series",
        "row_name": null,
        "module": null,
        "property": "options",
        "property_type": "Text",
        "value": "HR-EMP-",
        "default_value": null,
        "_user_tags": null,
        "_comments": null,
        "_assign": null,
        "_liked_by": null,
        "doctype": "Property Setter"
    },
    {
        "name": "Employee-reports_to-label",
        "idx": 0,
        "is_system_generated": 0,
        "doctype_or_field": "DocField",
        "doc_type": "Employee",
        "field_name": "reports_to",
        "row_name": null,
        "module": null,
        "property": "label",
        "property_type": "Data",
        "value": "Zust\u00e4ndiger Bereichs-/Fachgebietsleiter",
        "default_value": null,
        "_user_tags": null,
        "_comments": null,
        "_assign": null,
        "_liked_by": null,
        "doctype": "Property Setter"
    },
    {
        "name": "Employee-encashment_date-hidden",
        "idx": 0,
        "is_system_generated": 0,
        "doctype_or_field": "DocField",
        "doc_type": "Employee",
        "field_name": "encashment_date",
        "row_name": null,
        "module": null,
        "property": "hidden",
        "property_type": "Check",
        "value": "1",
        "default_value": null,
        "_user_tags": null,
        "_comments": null,
        "_assign": null,
        "_liked_by": null,
        "doctype": "Property Setter"
    },
    {
        "name": "Employee-leave_encashed-hidden",
        "idx": 0,
        "is_system_generated": 0,
        "doctype_or_field": "DocField",
        "doc_type": "Employee",
        "field_name": "leave_encashed",
        "row_name": null,
        "module": null,
        "property": "hidden",
        "property_type": "Check",
        "value": "1",
        "default_value": null,
        "_user_tags": null,
        "_comments": null,
        "_assign": null,
        "_liked_by": null,
        "doctype": "Property Setter"
    },
    {
        "name": "Employee-held_on-label",
        "idx": 0,
        "is_system_generated": 0,
        "doctype_or_field": "DocField",
        "doc_type": "Employee",
        "field_name": "held_on",
        "row_name": null,
        "module": null,
        "property": "label",
        "property_type": "Data",
        "value": "K\u00fcndigungszugang am ",
        "default_value": null,
        "_user_tags": null,
        "_comments": null,
        "_assign": null,
        "_liked_by": null,
        "doctype": "Property Setter"
    },
    {
        "name": "Employee-last_name-length",
        "idx": 0,
        "is_system_generated": 0,
        "doctype_or_field": "DocField",
        "doc_type": "Employee",
        "field_name": "last_name",
        "row_name": null,
        "module": null,
        "property": "length",
        "property_type": "Int",
        "value": "30",
        "default_value": null,
        "_user_tags": null,
        "_comments": null,
        "_assign": null,
        "_liked_by": null,
        "doctype": "Property Setter"
    },
    {
        "name": "Employee-current_address-label",
        "idx": 0,
        "is_system_generated": 0,
        "doctype_or_field": "DocField",
        "doc_type": "Employee",
        "field_name": "current_address",
        "row_name": null,
        "module": null,
        "property": "label",
        "property_type": "Data",
        "value": "Stra\u00dfe & Hausnummer",
        "default_value": null,
        "_user_tags": null,
        "_comments": null,
        "_assign": null,
        "_liked_by": null,
        "doctype": "Property Setter"
    },
    {
        "name": "Employee-new_workplace-length",
        "idx": 0,
        "is_system_generated": 0,
        "doctype_or_field": "DocField",
        "doc_type": "Employee",
        "field_name": "new_workplace",
        "row_name": null,
        "module": null,
        "property": "length",
        "property_type": "Int",
        "value": "30",
        "default_value": null,
        "_user_tags": null,
        "_comments": null,
        "_assign": null,
        "_liked_by": null,
        "doctype": "Property Setter"
    },
    {
        "name": "Employee-place_of_issue-length",
        "idx": 0,
        "is_system_generated": 0,
        "doctype_or_field": "DocField",
        "doc_type": "Employee",
        "field_name": "place_of_issue",
        "row_name": null,
        "module": null,
        "property": "length",
        "property_type": "Int",
        "value": "20",
        "default_value": null,
        "_user_tags": null,
        "_comments": null,
        "_assign": null,
        "_liked_by": null,
        "doctype": "Property Setter"
    },
    {
        "name": "Employee-passport_number-length",
        "idx": 0,
        "is_system_generated": 0,
        "doctype_or_field": "DocField",
        "doc_type": "Employee",
        "field_name": "passport_number",
        "row_name": null,
        "module": null,
        "property": "length",
        "property_type": "Int",
        "value": "20",
        "default_value": null,
        "_user_tags": null,
        "_comments": null,
        "_assign": null,
        "_liked_by": null,
        "doctype": "Property Setter"
    },
    {
        "name": "Employee-iban-length",
        "idx": 0,
        "is_system_generated": 0,
        "doctype_or_field": "DocField",
        "doc_type": "Employee",
        "field_name": "iban",
        "row_name": null,
        "module": null,
        "property": "length",
        "property_type": "Int",
        "value": "20",
        "default_value": null,
        "_user_tags": null,
        "_comments": null,
        "_assign": null,
        "_liked_by": null,
        "doctype": "Property Setter"
    },
    {
        "name": "Employee-bank_ac_no-length",
        "idx": 0,
        "is_system_generated": 0,
        "doctype_or_field": "DocField",
        "doc_type": "Employee",
        "field_name": "bank_ac_no",
        "row_name": null,
        "module": null,
        "property": "length",
        "property_type": "Int",
        "value": "20",
        "default_value": null,
        "_user_tags": null,
        "_comments": null,
        "_assign": null,
        "_liked_by": null,
        "doctype": "Property Setter"
    },
    {
        "name": "Employee-bank_name-length",
        "idx": 0,
        "is_system_generated": 0,
        "doctype_or_field": "DocField",
        "doc_type": "Employee",
        "field_name": "bank_name",
        "row_name": null,
        "module": null,
        "property": "length",
        "property_type": "Int",
        "value": "30",
        "default_value": null,
        "_user_tags": null,
        "_comments": null,
        "_assign": null,
        "_liked_by": null,
        "doctype": "Property Setter"
    },
    {
        "name": "Employee-health_insurance_no-length",
        "idx": 0,
        "is_system_generated": 0,
        "doctype_or_field": "DocField",
        "doc_type": "Employee",
        "field_name": "health_insurance_no",
        "row_name": null,
        "module": null,
        "property": "length",
        "property_type": "Int",
        "value": "20",
        "default_value": null,
        "_user_tags": null,
        "_comments": null,
        "_assign": null,
        "_liked_by": null,
        "doctype": "Property Setter"
    },
    {
        "name": "Employee-health_insurance_provider-length",
        "idx": 0,
        "is_system_generated": 0,
        "doctype_or_field": "DocField",
        "doc_type": "Employee",
        "field_name": "health_insurance_provider",
        "row_name": null,
        "module": null,
        "property": "length",
        "property_type": "Int",
        "value": "0",
        "default_value": null,
        "_user_tags": null,
        "_comments": null,
        "_assign": null,
        "_liked_by": null,
        "doctype": "Property Setter"
    },
    {
        "name": "Employee-attendance_device_id-length",
        "idx": 0,
        "is_system_generated": 0,
        "doctype_or_field": "DocField",
        "doc_type": "Employee",
        "field_name": "attendance_device_id",
        "row_name": null,
        "module": null,
        "property": "length",
        "property_type": "Int",
        "value": "30",
        "default_value": null,
        "_user_tags": null,
        "_comments": null,
        "_assign": null,
        "_liked_by": null,
        "doctype": "Property Setter"
    },
    {
        "name": "Employee-relation-length",
        "idx": 0,
        "is_system_generated": 0,
        "doctype_or_field": "DocField",
        "doc_type": "Employee",
        "field_name": "relation",
        "row_name": null,
        "module": null,
        "property": "length",
        "property_type": "Int",
        "value": "20",
        "default_value": null,
        "_user_tags": null,
        "_comments": null,
        "_assign": null,
        "_liked_by": null,
        "doctype": "Property Setter"
    },
    {
        "name": "Employee-emergency_phone_number-length",
        "idx": 0,
        "is_system_generated": 0,
        "doctype_or_field": "DocField",
        "doc_type": "Employee",
        "field_name": "emergency_phone_number",
        "row_name": null,
        "module": null,
        "property": "length",
        "property_type": "Int",
        "value": "20",
        "default_value": null,
        "_user_tags": null,
        "_comments": null,
        "_assign": null,
        "_liked_by": null,
        "doctype": "Property Setter"
    },
    {
        "name": "Employee-person_to_be_contacted-length",
        "idx": 0,
        "is_system_generated": 0,
        "doctype_or_field": "DocField",
        "doc_type": "Employee",
        "field_name": "person_to_be_contacted",
        "row_name": null,
        "module": null,
        "property": "length",
        "property_type": "Int",
        "value": "30",
        "default_value": null,
        "_user_tags": null,
        "_comments": null,
        "_assign": null,
        "_liked_by": null,
        "doctype": "Property Setter"
    },
    {
        "name": "Employee-prefered_email-length",
        "idx": 0,
        "is_system_generated": 0,
        "doctype_or_field": "DocField",
        "doc_type": "Employee",
        "field_name": "prefered_email",
        "row_name": null,
        "module": null,
        "property": "length",
        "property_type": "Int",
        "value": "30",
        "default_value": null,
        "_user_tags": null,
        "_comments": null,
        "_assign": null,
        "_liked_by": null,
        "doctype": "Property Setter"
    },
    {
        "name": "Employee-company_email-length",
        "idx": 0,
        "is_system_generated": 0,
        "doctype_or_field": "DocField",
        "doc_type": "Employee",
        "field_name": "company_email",
        "row_name": null,
        "module": null,
        "property": "length",
        "property_type": "Int",
        "value": "30",
        "default_value": null,
        "_user_tags": null,
        "_comments": null,
        "_assign": null,
        "_liked_by": null,
        "doctype": "Property Setter"
    },
    {
        "name": "Employee-personal_email-length",
        "idx": 0,
        "is_system_generated": 0,
        "doctype_or_field": "DocField",
        "doc_type": "Employee",
        "field_name": "personal_email",
        "row_name": null,
        "module": null,
        "property": "length",
        "property_type": "Int",
        "value": "30",
        "default_value": null,
        "_user_tags": null,
        "_comments": null,
        "_assign": null,
        "_liked_by": null,
        "doctype": "Property Setter"
    },
    {
        "name": "Employee-cell_number-length",
        "idx": 0,
        "is_system_generated": 0,
        "doctype_or_field": "DocField",
        "doc_type": "Employee",
        "field_name": "cell_number",
        "row_name": null,
        "module": null,
        "property": "length",
        "property_type": "Int",
        "value": "15",
        "default_value": null,
        "_user_tags": null,
        "_comments": null,
        "_assign": null,
        "_liked_by": null,
        "doctype": "Property Setter"
    },
    {
        "name": "Employee-employee-length",
        "idx": 0,
        "is_system_generated": 0,
        "doctype_or_field": "DocField",
        "doc_type": "Employee",
        "field_name": "employee",
        "row_name": null,
        "module": null,
        "property": "length",
        "property_type": "Int",
        "value": "30",
        "default_value": null,
        "_user_tags": null,
        "_comments": null,
        "_assign": null,
        "_liked_by": null,
        "doctype": "Property Setter"
    },
    {
        "name": "Employee-company-length",
        "idx": 0,
        "is_system_generated": 0,
        "doctype_or_field": "DocField",
        "doc_type": "Employee",
        "field_name": "company",
        "row_name": null,
        "module": null,
        "property": "length",
        "property_type": "Int",
        "value": "0",
        "default_value": null,
        "_user_tags": null,
        "_comments": null,
        "_assign": null,
        "_liked_by": null,
        "doctype": "Property Setter"
    },
    {
        "name": "Employee-employee_number-length",
        "idx": 0,
        "is_system_generated": 0,
        "doctype_or_field": "DocField",
        "doc_type": "Employee",
        "field_name": "employee_number",
        "row_name": null,
        "module": null,
        "property": "length",
        "property_type": "Int",
        "value": "10",
        "default_value": null,
        "_user_tags": null,
        "_comments": null,
        "_assign": null,
        "_liked_by": null,
        "doctype": "Property Setter"
    },
    {
        "name": "Employee-employee_name-length",
        "idx": 0,
        "is_system_generated": 0,
        "doctype_or_field": "DocField",
        "doc_type": "Employee",
        "field_name": "employee_name",
        "row_name": null,
        "module": null,
        "property": "length",
        "property_type": "Int",
        "value": "50",
        "default_value": null,
        "_user_tags": null,
        "_comments": null,
        "_assign": null,
        "_liked_by": null,
        "doctype": "Property Setter"
    },
    {
        "name": "Employee-middle_name-length",
        "idx": 0,
        "is_system_generated": 0,
        "doctype_or_field": "DocField",
        "doc_type": "Employee",
        "field_name": "middle_name",
        "row_name": null,
        "module": null,
        "property": "length",
        "property_type": "Int",
        "value": "20",
        "default_value": null,
        "_user_tags": null,
        "_comments": null,
        "_assign": null,
        "_liked_by": null,
        "doctype": "Property Setter"
    },
    {
        "name": "Employee-first_name-length",
        "idx": 0,
        "is_system_generated": 0,
        "doctype_or_field": "DocField",
        "doc_type": "Employee",
        "field_name": "first_name",
        "row_name": null,
        "module": null,
        "property": "length",
        "property_type": "Int",
        "value": "20",
        "default_value": null,
        "_user_tags": null,
        "_comments": null,
        "_assign": null,
        "_liked_by": null,
        "doctype": "Property Setter"
    },
    {
        "name": "Employee-custom_n\u00e4chstes_vertragsende-in_list_view",
        "idx": 0,
        "is_system_generated": 1,
        "doctype_or_field": "DocField",
        "doc_type": "Employee",
        "field_name": "custom_n\u00e4chstes_vertragsende",
        "row_name": null,
        "module": null,
        "property": "in_list_view",
        "property_type": "Check",
        "value": "1",
        "default_value": null,
        "_user_tags": null,
        "_comments": null,
        "_assign": null,
        "_liked_by": null,
        "doctype": "Property Setter"
    },
    {
        "name": "Employee-employee_number-in_list_view",
        "idx": 0,
        "is_system_generated": 1,
        "doctype_or_field": "DocField",
        "doc_type": "Employee",
        "field_name": "employee_number",
        "row_name": null,
        "module": null,
        "property": "in_list_view",
        "property_type": "Check",
        "value": "1",
        "default_value": null,
        "_user_tags": null,
        "_comments": null,
        "_assign": null,
        "_liked_by": null,
        "doctype": "Property Setter"
    },
    {
        "name": "Employee-department-in_list_view",
        "idx": 0,
        "is_system_generated": 1,
        "doctype_or_field": "DocField",
        "doc_type": "Employee",
        "field_name": "department",
        "row_name": null,
        "module": null,
        "property": "in_list_view",
        "property_type": "Check",
        "value": "1",
        "default_value": null,
        "_user_tags": null,
        "_comments": null,
        "_assign": null,
        "_liked_by": null,
        "doctype": "Property Setter"
    },
    {
        "name": "Employee-employee_name-in_list_view",
        "idx": 0,
        "is_system_generated": 1,
        "doctype_or_field": "DocField",
        "doc_type": "Employee",
        "field_name": "employee_name",
        "row_name": null,
        "module": null,
        "property": "in_list_view",
        "property_type": "Check",
        "value": "1",
        "default_value": null,
        "_user_tags": null,
        "_comments": null,
        "_assign": null,
        "_liked_by": null,
        "doctype": "Property Setter"
    },
    {
        "name": "Employee-custom_datum_des_brandschutzhelferkurses-in_list_view",
        "idx": 0,
        "is_system_generated": 1,
        "doctype_or_field": "DocField",
        "doc_type": "Employee",
        "field_name": "custom_datum_des_brandschutzhelferkurses",
        "row_name": null,
        "module": null,
        "property": "in_list_view",
        "property_type": "Check",
        "value": "0",
        "default_value": null,
        "_user_tags": null,
        "_comments": null,
        "_assign": null,
        "_liked_by": null,
        "doctype": "Property Setter"
    },
    {
        "name": "Employee-designation-in_list_view",
        "idx": 0,
        "is_system_generated": 1,
        "doctype_or_field": "DocField",
        "doc_type": "Employee",
        "field_name": "designation",
        "row_name": null,
        "module": null,
        "property": "in_list_view",
        "property_type": "Check",
        "value": "0",
        "default_value": null,
        "_user_tags": null,
        "_comments": null,
        "_assign": null,
        "_liked_by": null,
        "doctype": "Property Setter"
    },
    {
        "name": "Employee-employee_number-reqd",
        "idx": 0,
        "is_system_generated": 0,
        "doctype_or_field": "DocField",
        "doc_type": "Employee",
        "field_name": "employee_number",
        "row_name": null,
        "module": null,
        "property": "reqd",
        "property_type": "Check",
        "value": "1",
        "default_value": null,
        "_user_tags": null,
        "_comments": null,
        "_assign": null,
        "_liked_by": null,
        "doctype": "Property Setter"
    },
    {
        "name": "Employee-employee_number-hidden",
        "idx": 0,
        "is_system_generated": 0,
        "doctype_or_field": "DocField",
        "doc_type": "Employee",
        "field_name": "employee_number",
        "row_name": null,
        "module": null,
        "property": "hidden",
        "property_type": "Check",
        "value": "0",
        "default_value": null,
        "_user_tags": null,
        "_comments": null,
        "_assign": null,
        "_liked_by": null,
        "doctype": "Property Setter"
    },
    {
        "name": "Employee-naming_series-hidden",
        "idx": 0,
        "is_system_generated": 0,
        "doctype_or_field": "DocField",
        "doc_type": "Employee",
        "field_name": "naming_series",
        "row_name": null,
        "module": null,
        "property": "hidden",
        "property_type": "Check",
        "value": "1",
        "default_value": null,
        "_user_tags": null,
        "_comments": null,
        "_assign": null,
        "_liked_by": null,
        "doctype": "Property Setter"
    },
    {
        "name": "Employee-naming_series-reqd",
        "idx": 0,
        "is_system_generated": 0,
        "doctype_or_field": "DocField",
        "doc_type": "Employee",
        "field_name": "naming_series",
        "row_name": null,
        "module": null,
        "property": "reqd",
        "property_type": "Check",
        "value": "0",
        "default_value": null,
        "_user_tags": null,
        "_comments": null,
        "_assign": null,
        "_liked_by": null,
        "doctype": "Property Setter"
    },
    {
        "name": "Employee-salary_information-label",
        "idx": 0,
        "is_system_generated": 0,
        "doctype_or_field": "DocField",
        "doc_type": "Employee",
        "field_name": "salary_information",
        "row_name": null,
        "module": null,
        "property": "label",
        "property_type": "Data",
        "value": "Lohndaten",
        "default_value": null,
        "_user_tags": null,
        "_comments": null,
        "_assign": null,
        "_liked_by": null,
        "doctype": "Property Setter"
    },
    {
        "name": "Employee-permanent_accommodation_type-hidden",
        "idx": 0,
        "is_system_generated": 0,
        "doctype_or_field": "DocField",
        "doc_type": "Employee",
        "field_name": "permanent_accommodation_type",
        "row_name": null,
        "module": null,
        "property": "hidden",
        "property_type": "Check",
        "value": "1",
        "default_value": null,
        "_user_tags": null,
        "_comments": null,
        "_assign": null,
        "_liked_by": null,
        "doctype": "Property Setter"
    },
    {
        "name": "Employee-prefered_email-hidden",
        "idx": 0,
        "is_system_generated": 0,
        "doctype_or_field": "DocField",
        "doc_type": "Employee",
        "field_name": "prefered_email",
        "row_name": null,
        "module": null,
        "property": "hidden",
        "property_type": "Check",
        "value": "1",
        "default_value": null,
        "_user_tags": null,
        "_comments": null,
        "_assign": null,
        "_liked_by": null,
        "doctype": "Property Setter"
    },
    {
        "name": "Employee-prefered_contact_email-hidden",
        "idx": 0,
        "is_system_generated": 0,
        "doctype_or_field": "DocField",
        "doc_type": "Employee",
        "field_name": "prefered_contact_email",
        "row_name": null,
        "module": null,
        "property": "hidden",
        "property_type": "Check",
        "value": "1",
        "default_value": null,
        "_user_tags": null,
        "_comments": null,
        "_assign": null,
        "_liked_by": null,
        "doctype": "Property Setter"
    },
    {
        "name": "Employee-branch-in_list_view",
        "idx": 0,
        "is_system_generated": 1,
        "doctype_or_field": "DocField",
        "doc_type": "Employee",
        "field_name": "branch",
        "row_name": null,
        "module": null,
        "property": "in_list_view",
        "property_type": "Check",
        "value": "0",
        "default_value": null,
        "_user_tags": null,
        "_comments": null,
        "_assign": null,
        "_liked_by": null,
        "doctype": "Property Setter"
    },
    {
        "name": "Employee-grade-hidden",
        "idx": 0,
        "is_system_generated": 0,
        "doctype_or_field": "DocField",
        "doc_type": "Employee",
        "field_name": "grade",
        "row_name": null,
        "module": null,
        "property": "hidden",
        "property_type": "Check",
        "value": "1",
        "default_value": null,
        "_user_tags": null,
        "_comments": null,
        "_assign": null,
        "_liked_by": null,
        "doctype": "Property Setter"
    },
    {
        "name": "Employee-branch-hidden",
        "idx": 0,
        "is_system_generated": 0,
        "doctype_or_field": "DocField",
        "doc_type": "Employee",
        "field_name": "branch",
        "row_name": null,
        "module": null,
        "property": "hidden",
        "property_type": "Check",
        "value": "1",
        "default_value": null,
        "_user_tags": null,
        "_comments": null,
        "_assign": null,
        "_liked_by": null,
        "doctype": "Property Setter"
    },
    {
        "name": "Employee-branch-label",
        "idx": 0,
        "is_system_generated": 0,
        "doctype_or_field": "DocField",
        "doc_type": "Employee",
        "field_name": "branch",
        "row_name": null,
        "module": null,
        "property": "label",
        "property_type": "Data",
        "value": "Betrieb",
        "default_value": null,
        "_user_tags": null,
        "_comments": null,
        "_assign": null,
        "_liked_by": null,
        "doctype": "Property Setter"
    },
    {
        "name": "Employee-department-label",
        "idx": 0,
        "is_system_generated": 0,
        "doctype_or_field": "DocField",
        "doc_type": "Employee",
        "field_name": "department",
        "row_name": null,
        "module": null,
        "property": "label",
        "property_type": "Data",
        "value": "Bereich/Fachgebiet",
        "default_value": null,
        "_user_tags": null,
        "_comments": null,
        "_assign": null,
        "_liked_by": null,
        "doctype": "Property Setter"
    },
    {
        "name": "Employee-image-in_list_view",
        "idx": 0,
        "is_system_generated": 1,
        "doctype_or_field": "DocField",
        "doc_type": "Employee",
        "field_name": "image",
        "row_name": null,
        "module": null,
        "property": "in_list_view",
        "property_type": "Check",
        "value": "0",
        "default_value": null,
        "_user_tags": null,
        "_comments": null,
        "_assign": null,
        "_liked_by": null,
        "doctype": "Property Setter"
    },
    {
        "name": "Employee-company_email-description",
        "idx": 0,
        "is_system_generated": 0,
        "doctype_or_field": "DocField",
        "doc_type": "Employee",
        "field_name": "company_email",
        "row_name": null,
        "module": null,
        "property": "description",
        "property_type": "Text",
        "value": "\u00dcAG Mail-Adresse",
        "default_value": null,
        "_user_tags": null,
        "_comments": null,
        "_assign": null,
        "_liked_by": null,
        "doctype": "Property Setter"
    },
    {
        "name": "Employee-last_name-reqd",
        "idx": 0,
        "is_system_generated": 0,
        "doctype_or_field": "DocField",
        "doc_type": "Employee",
        "field_name": "last_name",
        "row_name": null,
        "module": null,
        "property": "reqd",
        "property_type": "Check",
        "value": "1",
        "default_value": null,
        "_user_tags": null,
        "_comments": null,
        "_assign": null,
        "_liked_by": null,
        "doctype": "Property Setter"
    },
    {
        "name": "Employee-unsubscribed-hidden",
        "idx": 0,
        "is_system_generated": 0,
        "doctype_or_field": "DocField",
        "doc_type": "Employee",
        "field_name": "unsubscribed",
        "row_name": null,
        "module": null,
        "property": "hidden",
        "property_type": "Check",
        "value": "1",
        "default_value": null,
        "_user_tags": null,
        "_comments": null,
        "_assign": null,
        "_liked_by": null,
        "doctype": "Property Setter"
    },
    {
        "name": "Employee-passport_details_section-hidden",
        "idx": 0,
        "is_system_generated": 0,
        "doctype_or_field": "DocField",
        "doc_type": "Employee",
        "field_name": "passport_details_section",
        "row_name": null,
        "module": null,
        "property": "hidden",
        "property_type": "Check",
        "value": "1",
        "default_value": null,
        "_user_tags": null,
        "_comments": null,
        "_assign": null,
        "_liked_by": null,
        "doctype": "Property Setter"
    },
    {
        "name": "Employee-health_insurance_no-label",
        "idx": 0,
        "is_system_generated": 0,
        "doctype_or_field": "DocField",
        "doc_type": "Employee",
        "field_name": "health_insurance_no",
        "row_name": null,
        "module": null,
        "property": "label",
        "property_type": "Data",
        "value": "Sozialversicherungsnummer ",
        "default_value": null,
        "_user_tags": null,
        "_comments": null,
        "_assign": null,
        "_liked_by": null,
        "doctype": "Property Setter"
    },
    {
        "name": "Employee-health_insurance_provider-label",
        "idx": 0,
        "is_system_generated": 0,
        "doctype_or_field": "DocField",
        "doc_type": "Employee",
        "field_name": "health_insurance_provider",
        "row_name": null,
        "module": null,
        "property": "label",
        "property_type": "Data",
        "value": "Krankenversicherer",
        "default_value": null,
        "_user_tags": null,
        "_comments": null,
        "_assign": null,
        "_liked_by": null,
        "doctype": "Property Setter"
    },
    {
        "name": "Employee-health_insurance_section-label",
        "idx": 0,
        "is_system_generated": 0,
        "doctype_or_field": "DocField",
        "doc_type": "Employee",
        "field_name": "health_insurance_section",
        "row_name": null,
        "module": null,
        "property": "label",
        "property_type": "Data",
        "value": "Krankenversicherung ",
        "default_value": null,
        "_user_tags": null,
        "_comments": null,
        "_assign": null,
        "_liked_by": null,
        "doctype": "Property Setter"
    },
    {
        "name": "Employee-emergency_contact_details-collapsible",
        "idx": 0,
        "is_system_generated": 0,
        "doctype_or_field": "DocField",
        "doc_type": "Employee",
        "field_name": "emergency_contact_details",
        "row_name": null,
        "module": null,
        "property": "collapsible",
        "property_type": "Check",
        "value": "1",
        "default_value": null,
        "_user_tags": null,
        "_comments": null,
        "_assign": null,
        "_liked_by": null,
        "doctype": "Property Setter"
    },
    {
        "name": "Employee-erpnext_user-hidden",
        "idx": 0,
        "is_system_generated": 0,
        "doctype_or_field": "DocField",
        "doc_type": "Employee",
        "field_name": "erpnext_user",
        "row_name": null,
        "module": null,
        "property": "hidden",
        "property_type": "Check",
        "value": "1",
        "default_value": null,
        "_user_tags": null,
        "_comments": null,
        "_assign": null,
        "_liked_by": null,
        "doctype": "Property Setter"
    },
    {
        "name": "Employee-health_details-hidden",
        "idx": 0,
        "is_system_generated": 0,
        "doctype_or_field": "DocField",
        "doc_type": "Employee",
        "field_name": "health_details",
        "row_name": null,
        "module": null,
        "property": "hidden",
        "property_type": "Check",
        "value": "1",
        "default_value": null,
        "_user_tags": null,
        "_comments": null,
        "_assign": null,
        "_liked_by": null,
        "doctype": "Property Setter"
    },
    {
        "name": "Employee-blood_group-hidden",
        "idx": 0,
        "is_system_generated": 0,
        "doctype_or_field": "DocField",
        "doc_type": "Employee",
        "field_name": "blood_group",
        "row_name": null,
        "module": null,
        "property": "hidden",
        "property_type": "Check",
        "value": "1",
        "default_value": null,
        "_user_tags": null,
        "_comments": null,
        "_assign": null,
        "_liked_by": null,
        "doctype": "Property Setter"
    },
    {
        "name": "Employee-family_background-hidden",
        "idx": 0,
        "is_system_generated": 0,
        "doctype_or_field": "DocField",
        "doc_type": "Employee",
        "field_name": "family_background",
        "row_name": null,
        "module": null,
        "property": "hidden",
        "property_type": "Check",
        "value": "1",
        "default_value": null,
        "_user_tags": null,
        "_comments": null,
        "_assign": null,
        "_liked_by": null,
        "doctype": "Property Setter"
    },
    {
        "name": "Employee-marital_status-hidden",
        "idx": 0,
        "is_system_generated": 0,
        "doctype_or_field": "DocField",
        "doc_type": "Employee",
        "field_name": "marital_status",
        "row_name": null,
        "module": null,
        "property": "hidden",
        "property_type": "Check",
        "value": "1",
        "default_value": null,
        "_user_tags": null,
        "_comments": null,
        "_assign": null,
        "_liked_by": null,
        "doctype": "Property Setter"
    },
    {
        "name": "Employee-salary_mode-hidden",
        "idx": 0,
        "is_system_generated": 0,
        "doctype_or_field": "DocField",
        "doc_type": "Employee",
        "field_name": "salary_mode",
        "row_name": null,
        "module": null,
        "property": "hidden",
        "property_type": "Check",
        "value": "1",
        "default_value": null,
        "_user_tags": null,
        "_comments": null,
        "_assign": null,
        "_liked_by": null,
        "doctype": "Property Setter"
    },
    {
        "name": "Employee-salary_currency-hidden",
        "idx": 0,
        "is_system_generated": 0,
        "doctype_or_field": "DocField",
        "doc_type": "Employee",
        "field_name": "salary_currency",
        "row_name": null,
        "module": null,
        "property": "hidden",
        "property_type": "Check",
        "value": "1",
        "default_value": null,
        "_user_tags": null,
        "_comments": null,
        "_assign": null,
        "_liked_by": null,
        "doctype": "Property Setter"
    },
    {
        "name": "Employee-ctc-hidden",
        "idx": 0,
        "is_system_generated": 0,
        "doctype_or_field": "DocField",
        "doc_type": "Employee",
        "field_name": "ctc",
        "row_name": null,
        "module": null,
        "property": "hidden",
        "property_type": "Check",
        "value": "1",
        "default_value": null,
        "_user_tags": null,
        "_comments": null,
        "_assign": null,
        "_liked_by": null,
        "doctype": "Property Setter"
    },
    {
        "name": "Employee-attendance_and_leave_details-hidden",
        "idx": 0,
        "is_system_generated": 0,
        "doctype_or_field": "DocField",
        "doc_type": "Employee",
        "field_name": "attendance_and_leave_details",
        "row_name": null,
        "module": null,
        "property": "hidden",
        "property_type": "Check",
        "value": "1",
        "default_value": null,
        "_user_tags": null,
        "_comments": null,
        "_assign": null,
        "_liked_by": null,
        "doctype": "Property Setter"
    },
    {
        "name": "Employee-erpnext_user-collapsible",
        "idx": 0,
        "is_system_generated": 0,
        "doctype_or_field": "DocField",
        "doc_type": "Employee",
        "field_name": "erpnext_user",
        "row_name": null,
        "module": null,
        "property": "collapsible",
        "property_type": "Check",
        "value": "0",
        "default_value": null,
        "_user_tags": null,
        "_comments": null,
        "_assign": null,
        "_liked_by": null,
        "doctype": "Property Setter"
    },
    {
        "name": "Employee-health_insurance_section-collapsible",
        "idx": 0,
        "is_system_generated": 0,
        "doctype_or_field": "DocField",
        "doc_type": "Employee",
        "field_name": "health_insurance_section",
        "row_name": null,
        "module": null,
        "property": "collapsible",
        "property_type": "Check",
        "value": "0",
        "default_value": null,
        "_user_tags": null,
        "_comments": null,
        "_assign": null,
        "_liked_by": null,
        "doctype": "Property Setter"
    },
    {
        "name": "Employee-main-allow_auto_repeat",
        "idx": 0,
        "is_system_generated": 0,
        "doctype_or_field": "DocType",
        "doc_type": "Employee",
        "field_name": null,
        "row_name": null,
        "module": null,
        "property": "allow_auto_repeat",
        "property_type": "Check",
        "value": "1",
        "default_value": null,
        "_user_tags": null,
        "_comments": null,
        "_assign": null,
        "_liked_by": null,
        "doctype": "Property Setter"
    },
    {
        "name": "Employee-main-track_changes",
        "idx": 0,
        "is_system_generated": 0,
        "doctype_or_field": "DocType",
        "doc_type": "Employee",
        "field_name": null,
        "row_name": null,
        "module": null,
        "property": "track_changes",
        "property_type": "Check",
        "value": "1",
        "default_value": null,
        "_user_tags": null,
        "_comments": null,
        "_assign": null,
        "_liked_by": null,
        "doctype": "Property Setter"
    }
]